{"apiVersion":"1.0","swaggerVersion":"1.2","basePath":"/mobile/custom/euchatbotcomedcc","apis":[{"path":"/components","description":"Component metadata retrieval","operations":[{"type":"void","method":"GET","nickname":"GET","parameters":[],"summary":"Metadata","notes":"Component metadata catalog"}]},{"path":"/components/{componentName}","description":"Component invocation","operations":[{"type":"void","method":"POST","nickname":"POST","parameters":[{"name":"componentName","type":"string","paramType":"path","allowMultiple":false,"required":true}],"notes":"Invoke the named component"}]}],"models":{},"info":{"title":"euchatbotcomedcc","description":"Custom components used by Exelon ComEd Chatbot for development"}}