
{
    "apiName":"euchatbotcomedcc",
    "apiVersion":"1.0",
    "apiId":"007ec3a3-8748-4959-b966-880f5c0975bb",
    "baseUrl":"https://5BBB86B684F3494C9377434B0DD878B8.uscom-central-1.oraclecloud.com:443",
    "tokenEndpoint":"https://idcs-789cabb071e14f17a08c2d19babd0539.identity.oraclecloud.com/oauth2/v1/token",
    "backend":{
        "backendId":"<YOUR_BACKEND_ID>",
        "backendName":"<YOUR_BACKEND_NAME>",
        "backendVersion":"<YOUR_BACKEND_VERSION>",
        "authorization":{
            "anonymousKey":"<BACKEND_ANONYMOUS_KEY>",
            "clientId":"<BACKEND_CLIENT_ID>",
            "clientSecret":"<BACKEND_CLIENT_SECRET>"
        }
    },
    "tools":{
        "deployment":{
            "tempDirectory":"c:\\tmp\\mcs-deploy"
        },
        "authorization":{
            "clientId":"<OMCE_TM_APP_CLIENT_ID>",
            "clientSecret":"<OMCE_TM_APP_CLIENT_SECRET>"
        }
    },
    "container":{
        "oracleMobileApiName":"OracleMobileAPI",
        "port":4000
    },
    "tests":{
        "getComponents":{
            "method":"GET",
            "resource":"/components"
        }
    }
}